asin,aspect,fear,anger,anticip,trust,surprise,positive,negative,sadness,disgust,joy
B00005LBZO,product,0.4935897435897436,0.5,0.4847222222222222,0.4145604395604396,0.2916666666666667,0.6110683760683759,0.47596153846153844,0.15384615384615385,0.0,0.30146520146520145
B00005LBZO,product_recipient,0.20555555555555552,0.33999999999999997,0.3265151515151515,0.3113636363636364,0.15595238095238098,0.436764705882353,0.4033333333333333,0.23999999999999994,0.1388888888888889,0.25
B00005LBZO,wheel,0.3333333333333333,0.0,0.0,0.5,0.0,0.8333333333333334,0.6666666666666666,0.0,0.0,0.0
B00005LBZO,time,0.0,0.25,0.6229166666666668,0.25,0.225,0.29,0.29166666666666663,0.3333333333333333,0.0,0.2333333333333333
B00005LBZO,bike,0.0,0.25,0.25,0.0,0.0,0.625,0.375,0.5,0.0,0.0
B00005LBZO,pedal,0.0,0.625,0.25,0.0,0.0,0.625,0.25,0.0,0.0,0.0
B00005LBZO,today,0.0,0.0,0.0,0.0,0.0,0.5,0.0,0.0,0.0,0.5
B00005LBZO,condition,1.0,0.0,0.26666666666666666,0.2,0.2,0.26666666666666666,0.3333333333333333,0.0,0.0,0.2
B00005LBZO,year,0.25,0.3333333333333333,0.21904761904761902,0.26904761904761904,0.18333333333333335,0.3395833333333334,0.41666666666666663,0.25,0.5,0.25555555555555554
B00005LBZO,yr,0.25,0.0,0.375,0.0,0.0,0.5,0.25,0.25,0.0,0.0
B000GPLT68,product,0.19263553906411052,0.16569541569541568,0.2753663003663004,0.22470689033189037,0.20446428571428574,0.39753541912632817,0.26904761904761904,0.13217635539064113,0.1504489337822671,0.22167411441604992
B000GPLT68,product_recipient,0.17818181818181816,0.2318181818181818,0.3351010101010101,0.26406926406926406,0.209375,0.4391729797979798,0.4706439393939394,0.18333333333333335,0.1,0.2893097643097643
B000GPLT68,race car,0.5,0.0,0.24444444444444446,0.3416666666666666,0.2,0.3111111111111111,0.3333333333333333,0.0,0.0,0.3111111111111111
B000GPLT68,wheel,0.26666666666666666,0.16666666666666666,0.19714285714285712,0.23571428571428568,0.1523809523809524,0.48035714285714276,0.4133333333333333,0.26666666666666666,0.25555555555555554,0.25476190476190474
B000GPLT68,quality,0.0,0.0,0.4185714285714286,0.2519047619047619,0.17142857142857143,0.48779761904761904,0.0,0.0,0.0,0.28047619047619043
B000GPLT68,screw,0.5111111111111111,0.0,0.2833333333333333,0.31666666666666665,0.18333333333333335,0.2888888888888889,0.3666666666666667,0.3333333333333333,0.16666666666666666,0.16666666666666666
B000GPLT68,time,0.12142857142857143,0.10555555555555556,0.6592757936507936,0.1164021164021164,0.12903439153439153,0.2083829365079365,0.1197420634920635,0.08571428571428572,0.10555555555555556,0.16820436507936506
B000GPLT68,gift,0.14285714285714285,0.0,0.2367857142857143,0.07738095238095238,0.2013095238095238,0.26892857142857146,0.14285714285714285,0.09821428571428571,0.0,0.22928571428571426
B000GPLT68,plastic,0.14583333333333331,0.14583333333333331,0.14484126984126983,0.27976190476190477,0.0,0.2619047619047619,0.6041666666666666,0.125,0.125,0.20535714285714285
B000GPLT68,box,0.5,0.0,0.2,0.2,0.2,0.6,0.5,0.0,0.0,0.2
B000Q9KPB4,product,0.2349621212121212,0.20846560846560847,0.2870332792207793,0.26329693034238494,0.15401785714285712,0.4346135571745327,0.3452872884691067,0.25416666666666665,0.17519841269841271,0.24754329004329007
B000Q9KPB4,display case,0.24131000578368997,0.11744505494505494,0.13044871794871796,0.09948717948717949,0.08846153846153847,0.1794770044770045,0.2810487757856179,0.24256313861577014,0.10096153846153846,0.12040598290598291
B000Q9KPB4,quality,0.2791666666666666,0.25,0.21666666666666667,0.2805555555555555,0.2,0.36666666666666675,0.28333333333333327,0.2733333333333333,0.25,0.21666666666666667
B000Q9KPB4,model,0.2044047619047619,0.19206349206349205,0.17738095238095236,0.2693452380952381,0.0,0.5020562770562771,0.24702380952380956,0.17059523809523808,0.12142857142857143,0.21261904761904762
B000Q9KPB4,box,0.27777777777777773,0.25,0.8333333333333333,0.41666666666666663,0.0,0.625,0.29166666666666663,0.29166666666666663,0.29166666666666663,0.0
B000Q9KPB4,corner,0.28968253968253965,0.29166666666666663,0.2857142857142857,0.19642857142857142,0.0,0.6428571428571428,0.5257936507936508,0.2857142857142857,0.0,0.14285714285714285
B000Q9KPB4,money,0.07326007326007326,0.10775771847200419,0.16364468864468867,0.1281658817373103,0.11796180010465725,0.11796180010465725,0.1682967032967033,0.07326007326007326,0.11119505494505495,0.11796180010465725
B000Q9KPB4,price,0.25,0.0,0.225,0.2,0.2,0.7333333333333334,0.25,0.25,0.0,0.2
B000Q9KPB4,time,0.12179487179487179,0.11452991452991453,0.5128612128612129,0.11565934065934066,0.10659340659340659,0.24967032967032968,0.2267399267399267,0.07692307692307693,0.08846153846153847,0.15137362637362636
B000Q9KPB4,product_recipient,0.09090909090909091,0.0,0.17676767676767677,0.18181818181818182,0.09090909090909091,0.34848484848484845,0.09090909090909091,0.16666666666666666,0.16666666666666666,0.22727272727272727
B002AKKO6S,product_recipient,0.15178571428571427,0.07142857142857142,0.1995535714285714,0.16712962962962963,0.15863095238095237,0.4319940476190477,0.2678571428571429,0.12797619047619047,0.07142857142857142,0.2706018518518518
B002AKKO6S,string,0.2875,0.24772727272727274,0.19818181818181818,0.19636363636363635,0.175,0.4163636363636364,0.4219008264462811,0.18522727272727274,0.0,0.19818181818181818
B002AKKO6S,sound,0.0,0.09090909090909091,0.20873570873570874,0.2278396206967636,0.17391774891774892,0.3719753930280246,0.25,0.3333333333333333,0.0,0.2475709475709476
B002AKKO6S,product,0.25,0.14285714285714285,0.19642857142857142,0.14285714285714285,0.23809523809523808,0.7142857142857143,0.41666666666666663,0.23809523809523808,0.0,0.14285714285714285
B002AKKO6S,price,0.2,0.14545454545454545,0.46060606060606063,0.18282828282828287,0.19090909090909092,0.5283549783549784,0.5111111111111111,0.3333333333333333,0.0,0.2106060606060606
B002AKKO6S,quality,0.5,0.0,0.2423611111111111,0.24228395061728397,0.13935185185185184,0.3772727272727273,0.5666666666666667,0.2,0.0,0.21349206349206348
B002AKKO6S,tune,0.0,0.0,0.2,0.2,0.35,0.2,0.5,0.5,0.0,0.2
B002AKKO6S,instrument,0.25,0.10084033613445378,0.20483193277310924,0.148109243697479,0.148109243697479,0.5256302521008404,0.5,0.14285714285714285,0.0,0.18977591036414565
B002AKKO6S,full size,0.18333333333333335,0.18333333333333335,0.2111111111111111,0.2111111111111111,0.1111111111111111,0.6055555555555555,0.18333333333333335,0.0,0.0,0.15555555555555556
B002AKKO6S,action,0.0,0.09090909090909091,0.14545454545454545,0.19090909090909092,0.2,0.5575757575757576,0.09090909090909091,0.09090909090909091,0.0,0.2080808080808081
B004KU83C8,product_recipient,0.08333333333333333,0.5,0.34672364672364675,0.27286324786324784,0.1687179487179487,0.5056410256410256,0.3034188034188034,0.2,0.0,0.28368298368298367
B004KU83C8,product,0.1708333333333333,0.13333333333333333,0.36752136752136755,0.26381766381766386,0.13675213675213674,0.41373626373626377,0.43003663003663,0.19999999999999998,0.13333333333333333,0.23477564102564102
B004KU83C8,set,0.125,0.28125,0.24375000000000002,0.178125,0.19583333333333333,0.4535714285714286,0.3125,0.13125,0.0625,0.18250000000000002
B004KU83C8,thomas,0.0,0.5,0.0,0.5,0.0,0.5,0.5,0.0,0.0,0.0
B004KU83C8,fun,0.08333333333333333,0.0,0.29166666666666663,0.0,0.16666666666666666,0.3611111111111111,0.0,0.0,0.0,0.3055555555555555
B004KU83C8,brio products,0.0,0.0,0.0,0.0,0.0,0.0,0.0,0.0,0.0,0.0
B004KU83C8,wheel,0.16666666666666666,0.16666666666666666,0.15384615384615385,0.15384615384615385,0.07692307692307693,0.23717948717948717,0.16666666666666666,0.16666666666666666,0.16666666666666666,0.3076923076923077
B004KU83C8,box,0.3333333333333333,0.0,0.0,0.0,0.0,1.0,0.6666666666666666,0.3333333333333333,0.0,0.0
B004KU83C8,box cars,0.0,0.0,0.0,0.0,0.0,1.0,0.0,0.0,0.0,0.0
B004KU83C8,track,0.0,0.0,0.7,0.3333333333333333,0.26666666666666666,0.7333333333333334,0.0,0.0,0.3333333333333333,0.2
B004LH01ZW,product_recipient,0.13969298245614034,0.19065893901420214,0.2317109738632295,0.4811403508771929,0.27052631578947367,0.345531015037594,0.2770050125313283,0.2035221983530254,0.11932174185463658,0.2431116854636592
B004LH01ZW,product,0.25,0.258531746031746,0.22824675324675325,0.2820238095238095,0.2959821428571428,0.33001253132832087,0.27772108843537413,0.19166666666666665,0.17142857142857143,0.2598214285714286
B004LH01ZW,wheel,0.5454545454545454,0.11688311688311688,0.11688311688311688,0.30411255411255406,0.18181818181818182,0.4035250463821893,0.18831168831168832,0.0,0.14285714285714285,0.2727272727272727
B004LH01ZW,battery pack,0.16666666666666666,0.3988095238095238,0.0,0.15476190476190477,0.0,0.16666666666666666,0.3988095238095238,0.16666666666666666,0.0,0.0
B004LH01ZW,review,0.24305555555555555,0.0625,0.13125,0.30666666666666664,0.2,0.440625,0.3333333333333333,0.19791666666666666,0.0625,0.1625
B004LH01ZW,battery,0.16666666666666666,0.37619047619047624,0.3333333333333333,0.4107142857142857,0.25,0.5555555555555556,0.37619047619047624,0.16666666666666666,0.0,0.0
B004LH01ZW,lot,0.12554112554112554,0.11688311688311688,0.18344155844155843,0.39366883116883117,0.18181818181818182,0.30438311688311687,0.17316017316017315,0.2857142857142857,0.14285714285714285,0.18344155844155843
B004LH01ZW,fun,0.15476190476190477,0.0,0.26785714285714285,0.1865079365079365,0.0,0.31696428571428575,0.15476190476190477,0.0,0.0,0.26785714285714285
B004LH01ZW,antenna,0.21198830409356725,0.10526315789473684,0.10526315789473684,0.1513157894736842,0.10526315789473684,0.10526315789473684,0.26461988304093564,0.21198830409356725,0.10526315789473684,0.10526315789473684
B004LH01ZW,box,0.25,0.125,0.26785714285714285,0.4642857142857143,0.0,0.14285714285714285,0.3333333333333333,0.375,0.125,0.14285714285714285
B006RKH1I6,product_recipient,0.0,0.0,0.2511498917748918,0.49025974025974023,0.18993506493506493,0.4145021645021644,0.29545454545454547,0.5,0.0,0.33083583083583085
B006RKH1I6,arm,0.3333333333333333,0.16666666666666666,0.34090909090909094,0.18181818181818182,0.3363636363636363,0.5037878787878788,0.34848484848484845,0.3333333333333333,0.0,0.18181818181818182
B006RKH1I6,robocar poli,0.0,0.0,0.0,0.0,0.0,0.0,0.0,0.0,0.0,0.0
B006RKH1I6,show,0.0,0.0,0.25,0.7291666666666666,0.125,0.27777777777777773,0.0,0.0,0.0,0.23611111111111108
B006RKH1I6,quality,0.0,0.0,0.2,0.2,0.2,0.24444444444444446,0.6666666666666666,0.3333333333333333,0.0,0.2
B006RKH1I6,transformer,0.0,0.0,0.4339285714285714,0.35,0.1976190476190476,0.3089285714285714,0.0,0.0,0.0,0.24523809523809526
B006RKH1I6,adult,1.0,0.0,0.2857142857142857,0.0,0.14285714285714285,0.2857142857142857,0.5,0.5,0.0,0.2857142857142857
B006RKH1I6,transformation,0.25,0.0,0.25,1.0,0.0,0.375,0.0,0.0,0.0,0.25
B006RKH1I6,part,0.09090909090909091,0.09090909090909091,0.18181818181818182,0.0,0.09090909090909091,0.2121212121212121,0.3383838383838384,0.3383838383838384,0.09090909090909091,0.0
B006RKH1I6,great,0.2,0.0,0.53125,0.25,0.1625,0.39,0.2,0.2,0.0,0.375
B006RKBK0Q,product_recipient,0.18163919413919413,0.21857142857142856,0.3273240648240648,0.369835961140309,0.1757185122569738,0.30092665271236696,0.34067460317460313,0.22989417989417987,0.18333333333333335,0.2713573463573464
B006RKBK0Q,arm,0.2253968253968254,0.16984126984126982,0.6632653061224489,0.4365079365079365,0.4372294372294373,0.45039682539682535,0.45812324929972,0.31137566137566136,0.2,0.1865079365079365
B006RKBK0Q,quality,0.175,0.15,0.17592592592592593,0.2048611111111111,0.23263888888888887,0.28888888888888886,0.3302083333333334,0.21166666666666661,0.15,0.1865079365079365
B006RKBK0Q,product,0.2715074855699856,0.18125,0.29570827320827314,0.28206394300144305,0.2094092182327476,0.3404100529100529,0.40845238095238096,0.2488095238095238,0.20694444444444446,0.21776566687280982
B006RKBK0Q,show,0.1388888888888889,0.0,0.21666666666666667,0.6283950617283951,0.15277777777777776,0.2858585858585858,0.16666666666666666,0.3333333333333333,0.0,0.196875
B006RKBK0Q,robocar poli,0.08333333333333333,0.0,0.16666666666666666,0.16666666666666666,0.0,0.3611111111111111,0.25,0.25,0.0,0.3333333333333333
B006RKBK0Q,amazon,0.3333333333333333,0.0,0.2541666666666667,0.2333333333333333,0.20555555555555557,0.36,0.45833333333333326,0.38888888888888884,0.3333333333333333,0.21666666666666665
B006RKBK0Q,leg,0.14285714285714285,0.125,0.7142857142857143,0.14285714285714285,0.4166666666666667,0.431547619047619,0.4556878306878307,0.30357142857142855,0.22916666666666666,0.19642857142857142
B006RKBK0Q,time,0.0,0.0,0.8041666666666666,0.2333333333333333,0.25,0.2583333333333333,0.26666666666666666,0.2,0.0,0.16666666666666666
B006RKBK0Q,youtube,0.0,0.0,0.0,0.7023809523809523,0.0,0.28968253968253965,0.19642857142857142,0.19642857142857142,0.0,0.26785714285714285
B006RKFHBY,product_recipient,0.6145833333333333,0.14583333333333331,0.22539682539682537,0.39791666666666664,0.1798280423280423,0.44373346560846566,0.23958333333333331,0.20833333333333334,0.16666666666666666,0.3033134920634921
B006RKFHBY,robocar poli,1.0,0.0,0.0,0.0,0.0,0.0,0.0,0.0,0.0,0.0
B006RKFHBY,arm,0.21794871794871792,0.16506410256410256,0.07692307692307693,0.0,0.358974358974359,0.3034188034188034,0.3613782051282051,0.2653846153846154,0.16346153846153846,0.0
B006RKFHBY,quality,0.2,0.20000000000000004,0.2911111111111111,0.2074074074074074,0.17037037037037037,0.2911111111111111,0.3277777777777777,0.23333333333333334,0.2866666666666666,0.2074074074074074
B006RKFHBY,product,0.276360544217687,0.1640873015873016,0.23676470588235296,0.373670634920635,0.25590277777777776,0.38220390720390723,0.5305555555555556,0.17190476190476192,0.17190476190476192,0.24713868003341685
B006RKFHBY,show,0.0,0.0,0.25,0.85,0.125,0.25,0.0,0.0,0.0,0.1875
B006RKFHBY,korea,0.0,0.0,0.375,0.625,0.0,0.25,0.625,0.0,0.0,0.25
B006RKFHBY,old son,0.0,0.0,0.25,0.31666666666666665,0.25,0.35,0.0,0.0,0.0,0.3
B006RKFHBY,transformer,0.18095238095238098,0.14285714285714285,0.4339285714285714,0.3107142857142857,0.19642857142857142,0.39693877551020407,0.0,0.14285714285714285,0.14285714285714285,0.21964285714285714
B006RKFHBY,leg,0.0,0.25,0.0,0.0,0.5,0.5,0.4166666666666667,0.25,0.25,0.0
B00AM9SZWO,product_recipient,0.20833333333333331,0.1638888888888889,0.3130952380952381,0.26980519480519477,0.265625,0.358843537414966,0.3983333333333333,0.20555555555555557,0.2,0.3103174603174603
B00AM9SZWO,carry,0.15384615384615385,0.08846153846153847,0.18381410256410258,0.4069444444444444,0.08846153846153847,0.41944444444444445,0.5025641025641026,0.23076923076923078,0.07692307692307693,0.3277777777777778
B00AM9SZWO,bong bong,0.15384615384615385,0.07692307692307693,0.20512820512820512,0.3333333333333333,0.07692307692307693,0.3333333333333333,0.6538461538461539,0.23076923076923078,0.07692307692307693,0.0
B00AM9SZWO,quality,0.0,0.0,0.18835978835978837,0.301984126984127,0.15132275132275133,0.301984126984127,1.0,0.0,0.0,0.18835978835978837
B00AM9SZWO,bong,0.20192307692307693,0.16346153846153846,0.21538461538461537,0.4083333333333333,0.12286324786324787,0.425,0.5192307692307693,0.2403846153846154,0.07692307692307693,0.18055555555555555
B00AM9SZWO,red bus,0.0,0.1,0.15000000000000002,0.3444444444444444,0.0,0.45,0.21666666666666667,0.26666666666666666,0.1,0.35
B00AM9SZWO,bongbong,0.0,0.0,0.2,0.3111111111111111,0.0,0.4833333333333333,0.0,0.0,0.0,0.4833333333333333
B00AM9SZWO,top,0.0,0.1,0.26,0.3,0.1,0.26,0.15000000000000002,0.2,0.1,0.0
B00AM9SZWO,lot,0.0,0.0,1.0,0.0,0.0,0.0,0.0,0.0,0.0,0.0
B00AM9SZWO,cartoon,0.0,0.0,0.24285714285714285,0.17142857142857143,0.2,0.32857142857142857,0.0,0.0,0.0,0.32857142857142857
B00APTT9SU,product_recipient,0.0,0.125,0.23364197530864197,0.3969444444444445,0.21222222222222223,0.3923913043478261,0.21944444444444444,0.1625,0.22916666666666666,0.36375
B00APTT9SU,quality,0.0,0.0,0.25277777777777777,0.17037037037037037,0.17037037037037037,0.3466666666666666,0.0,0.0,0.0,0.30833333333333335
B00APTT9SU,time,0.0,0.0,0.65,0.15,0.18333333333333335,0.18333333333333335,0.0,0.0,0.0,0.18333333333333335
B00APTT9SU,rogi,0.0,0.0,0.225,0.225,0.2333333333333333,0.2333333333333333,1.0,0.0,0.0,0.2333333333333333
B00APTT9SU,show,0.0,0.125,0.125,0.78125,0.0,0.125,0.125,0.125,0.125,0.125
B00APTT9SU,lot,0.2222222222222222,0.2222222222222222,0.25,0.0,0.0,0.75,0.2222222222222222,0.2222222222222222,0.1111111111111111,0.25
B00APTT9SU,..,0.0,0.0,0.18055555555555555,0.28703703703703703,0.1111111111111111,0.35416666666666663,0.3333333333333333,0.0,0.3333333333333333,0.29166666666666663
B00APTT9SU,wheel,0.0,0.0,0.0,0.2,0.0,0.4,0.2,0.0,0.2,0.0
B00APTT9SU,friend,0.0,0.0,0.0,0.0,0.0,0.0,0.0,0.0,0.0,0.0
B00APTT9SU,sticker,0.0,0.0,0.0,0.3333333333333333,0.0,0.41666666666666663,0.0,0.0,0.3333333333333333,0.5
B00E849LS6,product,0.23896103896103893,0.4999999999999999,0.24939000393545846,0.27784992784992785,0.17507215007215007,0.2902164502164502,0.31142547928262215,0.20958565244279528,0.2727272727272727,0.2471195471195471
B00E849LS6,product_recipient,0.2,1.0,0.25,0.2,0.2,0.21666666666666667,0.21666666666666667,0.2,0.0,0.21666666666666667
B00E849LS6,wheel,0.16666666666666666,0.6476190476190478,0.20972222222222223,0.1638888888888889,0.1736111111111111,0.25666666666666665,0.16666666666666666,0.16666666666666666,0.0,0.20972222222222223
B00E849LS6,price,0.16666666666666666,0.15000000000000002,0.36547619047619045,0.1919047619047619,0.12142857142857143,0.4159863945578231,0.1365079365079365,0.13333333333333333,0.0,0.18333333333333335
B00E849LS6,collection,0.2,0.16666666666666666,0.18333333333333335,0.0,0.2,0.24444444444444446,0.18888888888888888,0.2,0.0,0.18333333333333335
B00E849LS6,wall,0.0,1.0,0.4351851851851852,0.375,0.19444444444444442,0.29166666666666663,0.5,0.0,0.0,0.2361111111111111
B00E849LS6,star,0.0,0.2,0.2,0.2,0.0,0.6,0.0,0.0,0.0,0.2
B00E849LS6,display case,0.2248484848484848,0.16666666666666666,0.09090909090909091,0.17424242424242425,0.09090909090909091,0.26212121212121214,0.2248484848484848,0.2248484848484848,0.045454545454545456,0.2787878787878788
B00E849LS6,card,0.3333333333333333,1.0,0.3214285714285714,0.4920634920634921,0.23809523809523808,0.4642857142857143,0.494047619047619,0.3333333333333333,0.41666666666666663,0.0
B00E849LS6,shipping,0.0,0.0,0.5982142857142857,0.2976190476190476,0.14285714285714285,0.39285714285714285,0.14285714285714285,0.0,0.0,0.25
B00J97X2YG,window,0.19405089859635313,0.33601491101491093,0.3466510341510342,0.2601349630761396,0.2188311688311688,0.38867798867798864,0.40702795147239595,0.28797313797313795,0.13955026455026454,0.16949254449254447
B00J97X2YG,product,0.1685405643738977,0.3290027605244997,0.23475108225108224,0.2813966192537621,0.17264373053846735,0.40901274651274644,0.4028605381546559,0.2703425229741019,0.16708895679483915,0.17046395633352154
B00J97X2YG,fan,0.17727272727272728,0.3452020202020202,0.19603452103452104,0.2301375095492742,0.21374458874458874,0.39565295815295803,0.3441029341029342,0.18479236812570143,0.1823232323232323,0.13837662337662338
B00J97X2YG,rubber,0.2388888888888889,0.3222222222222222,0.4895833333333333,0.33125,0.25,0.3547619047619048,0.3476190476190476,0.525,0.15833333333333333,0.125
B00J97X2YG,vehicle,0.12878787878787878,0.25252525252525254,0.3504019789734075,0.2632756132756133,0.19393939393939394,0.22922077922077924,0.25252525252525254,0.12878787878787878,0.23106060606060602,0.20636363636363636
B00J97X2YG,air,0.2222222222222222,0.5666666666666667,1.0,0.26666666666666666,0.0,0.65,0.47777777777777775,0.2222222222222222,0.17777777777777778,0.0
B00J97X2YG,unit,0.14285714285714285,0.0,0.18181818181818182,0.2624458874458874,0.255050505050505,0.46017316017316023,0.3544372294372294,0.14285714285714285,0.22474747474747472,0.09090909090909091
B00J97X2YG,sun,0.09090909090909091,0.11958874458874458,0.190252009894867,0.157939084724799,0.16984384662956087,0.24734075448361156,0.10795454545454546,0.09090909090909091,0.09090909090909091,0.17409554730983298
B00J97X2YG,temperature,0.2222222222222222,0.4444444444444444,1.0,0.30333333333333334,0.16666666666666666,0.4166666666666667,0.37777777777777777,0.3333333333333333,0.21333333333333332,0.25
B00J97X2YG,difference,0.15993265993265993,0.36262626262626263,0.5454545454545454,0.24696969696969698,0.12878787878787878,0.46484848484848484,0.2032828282828283,0.15993265993265993,0.14217171717171717,0.2159090909090909
B00JPTG45C,tool,0.2,0.35,0.49206349206349204,0.33095238095238094,0.15476190476190477,0.534013605442177,0.2583333333333333,0.28888888888888886,0.17142857142857143,0.20238095238095236
B00JPTG45C,wheel,0.18333333333333335,0.35,0.6116666666666666,0.4444444444444444,0.3333333333333333,0.5729166666666666,0.3444444444444444,0.18333333333333335,0.0,0.25
B00JPTG45C,pinewood derby,0.0,0.25,0.0,0.0,0.0,1.0,0.25,0.25,0.25,0.0
B00JPTG45C,product,0.2102272727272727,0.15665584415584416,0.3539127539127539,0.31190476190476196,0.17523191094619664,0.48435862383230804,0.3358008658008659,0.25606060606060604,0.18030303030303033,0.2392857142857143
B00JPTG45C,nail,1.0,0.0,0.3982142857142857,0.37142857142857144,0.1976190476190476,0.34714285714285714,0.6,0.0,0.0,0.19642857142857142
B00JPTG45C,derby car,0.0,0.0,0.29166666666666663,0.0,0.25,0.75,0.3333333333333333,0.3333333333333333,0.0,0.25
B00JPTG45C,work,0.0,0.0,1.0,0.5571428571428572,0.2,0.525,0.0,0.5,0.2,0.0
B00JPTG45C,side,0.0,0.0,0.7333333333333334,0.3444444444444444,0.2,0.4555555555555555,0.43333333333333335,0.3333333333333333,0.0,0.0
B00JPTG45C,product_recipient,0.25,0.0,0.2341269841269841,0.14285714285714285,0.19642857142857142,0.1865079365079365,0.3333333333333333,0.25,0.14285714285714285,0.19642857142857142
B00JPTG45C,price,0.0,0.0,0.2,0.2,0.2,0.7333333333333334,0.0,0.0,0.0,0.2
B00KFBS5QA,product,0.11025641025641025,0.06666666666666667,0.45435897435897443,0.5060256410256411,0.1983974358974359,0.5197802197802198,0.23076923076923078,0.14871794871794872,0.19999999999999998,0.22205128205128205
B00KFBS5QA,product_recipient,0.11025641025641025,0.06666666666666667,0.27459706959706953,0.2287179487179487,0.18385225885225887,0.293279797125951,0.23076923076923078,0.21025641025641026,0.06666666666666667,0.2708458208458209
B00KFBS5QA,seller,0.0,0.0,0.6666666666666666,0.5833333333333333,0.3333333333333333,0.611111111111111,0.0,0.0,0.0,0.0
B00KFBS5QA,price,0.0,0.0,0.3333333333333333,0.29166666666666663,0.0,0.611111111111111,0.0,0.0,0.0,0.25
B00KFBS5QA,great,0.25,0.0,0.2857142857142857,0.3333333333333333,0.19642857142857142,0.5505952380952381,0.0,0.0,0.0,0.26785714285714285
B00KFBS5QA,customer,0.0,0.0,0.16666666666666666,0.16666666666666666,0.16666666666666666,0.4666666666666667,0.2,0.0,0.0,0.18333333333333335
B00KFBS5QA,customer service,0.0,0.0,0.16666666666666666,0.16666666666666666,0.16666666666666666,0.4666666666666667,0.2,0.0,0.0,0.18333333333333335
B00KFBS5QA,door,0.0,0.0,0.0,0.0,0.0,1.0,0.5,0.0,0.0,0.5
B00KFBS5QA,wheel,0.0,0.0,0.0,0.0,0.0,0.0,0.5,0.5,0.0,0.0
B00KFBS5QA,shipping,0.14285714285714285,0.0,0.23809523809523808,0.2698412698412698,0.0,0.31746031746031744,0.14285714285714285,0.0,0.0,0.23809523809523808
B00KS6ADQW,product,0.2,0.225,0.3375,0.1875,0.1625,0.3,0.2833333333333334,0.2,0.1625,0.1625
B00KS6ADQW,paint,0.2,0.0,0.25,0.25,0.375,0.6625,0.35,0.2,1.0,0.0
B00KS6ADQW,awesome,0.2,0.2,0.0,0.0,0.5,0.0,0.39999999999999997,0.2,0.2,0.0
B00KS6ADQW,collection,0.125,0.0,0.125,0.125,0.125,0.4375,0.0,0.0,0.0,0.3125
B00KS6ADQW,product_recipient,0.0,0.0,0.25,0.25,0.0,0.375,0.0,0.0,0.0,0.375
B00KS6ADQW,addition,0.0,0.0,0.125,0.25,0.3125,0.25,0.5,0.0,0.0,0.25
B00KS6ADQW,detail,0.5,0.0,0.0,0.0,0.5,0.0,0.5,0.0,0.0,0.0
B00KS6ADQW,box,0.0,0.125,0.125,0.0,0.125,0.3125,0.125,0.125,0.5625,0.3125
B00KS6ADQW,amazon,0.0,0.25,0.4,0.25,0.0,0.25,0.325,0.2,0.0,0.0
B00KS6ADQW,pre-order,0.0,0.25,0.0,0.375,0.0,0.25,0.375,0.0,0.0,0.0
B00S4RM1XK,product_recipient,0.2,0.16666666666666666,0.1985863095238095,0.20887896825396823,0.14226190476190476,0.45962797619047613,0.24000000000000005,0.18888888888888888,0.12083333333333335,0.3735521235521235
B00S4RM1XK,cute,0.0,0.0,0.25,0.0,0.0,0.9074074074074074,0.5,0.625,0.0,0.35185185185185186
B00S4RM1XK,color,0.125,0.0,0.13392857142857142,0.2615079365079365,0.125,0.3727380952380952,0.125,0.4583333333333333,0.1875,0.2769047619047619
B00S4RM1XK,eye,0.3333333333333333,0.0,0.125,0.2333333333333333,0.125,0.4797619047619048,0.0,0.5,0.375,0.3513888888888889
B00S4RM1XK,beanie boos,0.0,0.0,0.0,0.0,0.0,0.5,0.0,0.0,0.0,0.5
B00S4RM1XK,super,0.0,0.0,0.14285714285714285,0.24285714285714285,0.0,0.7515873015873016,0.0,0.25,0.0,0.35039682539682543
B00S4RM1XK,product,0.0,0.0,0.0,0.0,0.0,1.0,0.0,0.0,0.0,0.0
B00S4RM1XK,super cute,0.0,0.0,0.0,0.0,0.0,1.0,0.0,0.0,0.0,0.0
B00S4RM1XK,beanie boo,0.0,0.0,0.0,0.3333333333333333,0.0,0.41666666666666663,0.6666666666666666,0.0,0.0,0.5
B00S4RM1XK,baby,0.0,0.0,0.22916666666666666,0.29166666666666663,0.1875,0.575,0.3333333333333333,0.25,0.25,0.46875
B00TSV67XG,easy,0.2,0.0,0.2833333333333334,0.2791666666666667,0.0,0.5351851851851852,0.2,0.2,0.0,0.3233333333333333
B00TSV67XG,product,0.0,0.0,0.4,0.2,0.0,0.2,1.0,0.0,0.0,0.2
B00TSV67XG,sturdy,0.2,0.0,0.4066666666666666,0.25,0.2222222222222222,0.7688888888888887,0.2,0.2,0.0,0.2222222222222222
B00TSV67XG,product_recipient,0.0,0.07692307692307693,0.24572649572649571,0.07692307692307693,0.20192307692307693,0.27136752136752135,0.07692307692307693,0.0,0.0,0.27136752136752135
B00TSV67XG,quality,0.0,0.0,0.0,0.0,0.0,1.0,0.0,0.0,0.0,0.0
B00TSV67XG,perfect,0.0,0.0,0.2633333333333333,0.23166666666666663,0.125,0.25666666666666665,0.0,0.0,0.0,0.22333333333333333
B00TSV67XG,great,0.0,0.0,0.25,0.375,0.25,0.6666666666666666,1.0,0.0,0.0,0.25
B00TSV67XG,time,0.0,0.3333333333333333,0.6888888888888888,0.2,0.0,0.2,0.3333333333333333,0.0,0.0,0.2
B00TSV67XG,birthday party,0.0,0.0,0.25,0.125,0.1875,0.25,0.0,0.0,0.0,0.25
B00TSV67XG,super,0.2,0.0,0.2,0.0,0.0,0.7333333333333334,0.2,0.2,0.0,0.0
B00TWG57CY,product_recipient,0.22083333333333333,0.09090909090909091,0.20101010101010097,0.19745179063360882,0.1778554778554778,0.33738471673254283,0.1738215488215488,0.13618326118326118,0.09090909090909091,0.24580527497194163
B00TWG57CY,product,0.25666666666666665,0.3,0.29612794612794613,0.24540404040404037,0.24128787878787877,0.4037247474747475,0.3816666666666667,0.20959595959595956,0.0,0.24427609427609426
B00TWG57CY,door,0.273015873015873,0.0,0.3333333333333333,0.3333333333333333,0.2,0.23809523809523808,0.37976190476190474,0.32976190476190476,0.0,0.0
B00TWG57CY,quality,0.125,0.125,0.18181818181818182,0.19090909090909092,0.1534090909090909,0.5413636363636363,0.625,0.4053030303030303,0.125,0.2909090909090909
B00TWG57CY,bruder,0.15000000000000002,0.09090909090909091,0.20454545454545456,0.25616883116883116,0.1731168831168831,0.43528138528138527,0.3183261183261183,0.3491032776747063,0.09090909090909091,0.20454545454545456
B00TWG57CY,other bruder,0.15000000000000002,0.0,0.0,0.17142857142857143,0.17142857142857143,0.1,0.32857142857142857,0.30952380952380953,0.0,0.0
B00TWG57CY,price,0.125,0.125,0.29166666666666663,0.25,0.1875,0.23611111111111108,0.25,0.125,0.125,0.3333333333333333
B00TWG57CY,play,0.38888888888888884,0.0,0.0,0.0,0.0,1.0,0.38888888888888884,0.3333333333333333,0.0,0.0
B00TWG57CY,bruder trucks,0.0,0.0,0.0,0.0,0.0,0.0,0.0,0.0,0.0,0.0
B00TWG57CY,one,0.26666666666666666,0.2,0.0,0.2385714285714286,0.19642857142857142,0.5761904761904761,0.28809523809523807,0.36507936507936506,0.0,0.4
B00V8LIPFW,product_recipient,0.23854166666666665,0.14393939393939395,0.201010101010101,0.2087752525252525,0.1778554778554778,0.3372159090909091,0.18143939393939393,0.1504103535353535,0.09090909090909091,0.24580527497194163
B00V8LIPFW,product,0.26944444444444443,0.3,0.2961279461279462,0.27394781144781144,0.24128787878787877,0.40938799762329176,0.3772727272727273,0.20959595959595959,0.0,0.2442760942760943
B00V8LIPFW,door,0.273015873015873,0.3333333333333333,0.3333333333333333,0.3333333333333333,0.2,0.23809523809523808,0.43714285714285717,0.32976190476190476,0.0,0.0
B00V8LIPFW,bruder,0.15000000000000002,0.09090909090909091,0.20454545454545456,0.25616883116883116,0.1731168831168831,0.4433712121212121,0.3183261183261183,0.3491032776747062,0.09090909090909091,0.27840909090909094
B00V8LIPFW,quality,0.125,0.125,0.18181818181818182,0.19090909090909092,0.1534090909090909,0.5413636363636364,0.625,0.4053030303030303,0.125,0.2909090909090909
B00V8LIPFW,price,0.22916666666666666,0.125,0.29166666666666663,0.29166666666666663,0.1875,0.23611111111111108,0.29166666666666663,0.125,0.125,0.3333333333333333
B00V8LIPFW,other bruder,0.15000000000000002,0.0,0.0,0.17142857142857143,0.17142857142857143,0.1,0.32857142857142857,0.30952380952380953,0.0,0.0
B00V8LIPFW,lot,0.2,0.0,0.3333333333333333,0.0,0.2,0.3333333333333333,0.4,0.2,0.0,0.3333333333333333
B00V8LIPFW,awesome,0.0,0.0,0.0,0.0,0.0,0.0,0.0,0.0,0.0,0.0
B00V8LIPFW,light,0.2333333333333333,0.3444444444444444,0.21666666666666667,0.23154761904761906,0.21071428571428572,0.4066666666666666,0.4122448979591837,0.36547619047619045,0.0,0.25
B0155MEP1C,product,0.17356403486434444,0.22089711114478916,0.2822911431318939,0.219366026989866,0.1239798877358686,0.3991486942186901,0.37372945050053047,0.20309126840528877,0.09057288696091587,0.2176093741746628
B0155MEP1C,product_recipient,0.19271708683473388,0.2284313725490196,0.25816781257957727,0.18727845683728034,0.16210768398268396,0.3617398777692895,0.2868147258903561,0.3329131652661065,0.1722689075630252,0.27765469824293354
B0155MEP1C,price,0.05263157894736842,0.10526315789473684,0.18776106934001668,0.21480785296574767,0.1392369813422445,0.27829991645781116,0.4649122807017544,0.10526315789473684,0.05263157894736842,0.20439988861041491
B0155MEP1C,fun,0.0,0.16666666666666666,0.2992724867724868,0.18253968253968253,0.0,0.3809523809523809,0.16666666666666666,0.16666666666666666,0.0,0.2853835978835979
B0155MEP1C,speed,0.08571428571428572,0.3375,0.14603174603174604,0.2244047619047619,0.3904761904761905,0.28047619047619043,0.26761904761904765,0.1126984126984127,0.07142857142857142,0.20535714285714285
B0155MEP1C,remote control,0.19298245614035087,0.13596491228070173,0.36052631578947364,0.09429824561403508,0.10964912280701754,0.23464912280701752,0.25438596491228066,0.17397660818713448,0.05263157894736842,0.2138157894736842
B0155MEP1C,wheel,0.3333333333333333,0.3333333333333333,0.0,0.25,0.0,0.7083333333333333,0.6666666666666666,0.3333333333333333,0.0,0.3333333333333333
B0155MEP1C,quality,0.0,0.0,0.18888888888888888,0.2,0.2,0.24444444444444446,0.16666666666666666,0.16666666666666666,0.0,0.18888888888888888
B0155MEP1C,review,0.09772727272727272,0.09772727272727272,0.15000000000000002,0.20252525252525252,0.2,0.2994949494949495,0.0,0.09772727272727272,0.09772727272727272,0.15404040404040403
B0155MEP1C,rc,0.0,0.5,0.16666666666666666,0.0,0.16666666666666666,0.16666666666666666,0.3333333333333333,0.16666666666666666,0.0,0.16666666666666666
B0155MVMFO,product,0.17017018928783634,0.20910989595200122,0.33906153370439085,0.2780329752551975,0.23894074675324672,0.39157018691902407,0.3362433862433863,0.1833361083361083,0.13841189674523008,0.2169962613144431
B0155MVMFO,product_recipient,0.2253968253968254,0.2804040404040404,0.29474657287157285,0.29135642135642137,0.18170594837261503,0.2951980118646785,0.41481481481481475,0.14074074074074075,0.09090909090909091,0.22275613275613274
B0155MVMFO,controller,0.25,0.2983333333333333,0.1638888888888889,0.265,0.21874999999999997,0.32499999999999996,0.2964285714285714,0.25,0.0,0.14583333333333331
B0155MVMFO,plastic,0.1284722222222222,0.1284722222222222,0.2175925925925926,0.32341269841269843,0.11805555555555555,0.3253968253968254,0.2916666666666667,0.13425925925925927,0.1388888888888889,0.22916666666666666
B0155MVMFO,wheel,0.2222222222222222,0.2809523809523809,0.3707936507936508,0.23597883597883595,0.15555555555555556,0.3815873015873016,0.3812169312169312,0.3333333333333333,0.0,0.15555555555555556
B0155MVMFO,rc car,0.0,0.0,0.0,0.0,0.0,0.0,0.0,0.0,0.0,0.0
B0155MVMFO,speed,0.17142857142857143,0.1492063492063492,0.25132275132275134,0.39285714285714285,0.2222222222222222,0.43783068783068785,0.4013227513227513,0.15132275132275133,0.14285714285714285,0.2222222222222222
B0155MVMFO,fun,0.0,0.2,0.27989417989417986,0.08333333333333333,0.11309523809523808,0.33915343915343915,0.4666666666666666,0.0,0.0,0.27989417989417986
B0155MVMFO,price,0.0,0.3333333333333333,0.5,0.5,0.3333333333333333,0.5833333333333334,0.4444444444444444,0.41666666666666663,0.5,0.3333333333333333
B0155MVMFO,time,0.18047619047619048,0.24761904761904763,0.6022222222222223,0.15079365079365079,0.25,0.14285714285714285,0.38968253968253963,0.18988095238095237,0.0,0.14285714285714285
B015SKSQUW,product_recipient,0.2,0.2,0.3333333333333333,0.625,0.5,0.5999999999999999,0.5666666666666667,0.2,0.2,0.35416666666666663
B015SKSQUW,product,0.12293123543123542,0.11011072261072262,0.16452991452991453,0.21654364154364156,0.20833333333333331,0.3986143486143486,0.08846153846153847,0.11011072261072262,0.12229020979020978,0.09729020979020979
B015SKSQUW,skin,0.20833333333333331,0.24999999999999997,0.24444444444444446,0.2,0.2,0.2,0.24999999999999997,0.20833333333333331,0.3333333333333333,0.2
B015SKSQUW,job,0.0,0.0,0.0,0.0,0.0,1.0,0.0,0.0,0.0,0.0
B015SKSQUW,scar tattoos,0.19333333333333333,0.19333333333333333,0.16666666666666666,0.0,0.0,0.0,0.19333333333333333,0.19333333333333333,0.19333333333333333,0.0
B015SKSQUW,zombie,0.0,0.0,0.5,0.375,0.0,0.7916666666666666,0.0,0.0,0.0,0.29166666666666663
B015SKSQUW,look,0.2,0.2,0.15476190476190477,0.42207792207792205,0.15476190476190477,0.46536796536796543,0.18333333333333335,0.2,0.2,0.22619047619047616
B015SKSQUW,way,0.1125,0.175,0.0,0.1125,0.3333333333333333,0.5916666666666667,0.20208333333333334,0.20208333333333334,0.25,0.1125
B015SKSQUW,day,0.1125,0.1,0.6,0.35625,0.2,0.49375,0.1125,0.1125,0.0,0.1416666666666667
B015SKSQUW,sheet,0.0,0.0,0.0,0.0,0.0,1.0,0.0,0.0,0.0,0.0
B0162HF12Q,product,0.22292250233426705,0.21877428127428125,0.3514214764214765,0.29045829649277927,0.22452113858363862,0.3752769863880974,0.3538077795220652,0.23804855275443515,0.2166666666666667,0.2661668192918193
B0162HF12Q,product_recipient,0.2121212121212121,0.22484848484848485,0.21075757575757578,0.3415824915824916,0.21195286195286195,0.3433811802232854,0.44984848484848483,0.20818181818181816,0.09545454545454546,0.23904428904428904
B0162HF12Q,part,0.1630050505050505,0.14545454545454545,0.2253367003367003,0.2255050505050505,0.4211700336700337,0.39540404040404037,0.24823232323232325,0.15067340067340065,0.10101010101010101,0.1630050505050505
B0162HF12Q,battery,0.17833333333333332,0.339017094017094,0.1778846153846154,0.23012820512820512,0.15384615384615385,0.28076923076923077,0.38553685897435896,0.13958333333333334,0.21166666666666667,0.20192307692307693
B0162HF12Q,fun,0.16666666666666666,0.0,0.309375,0.2,0.125,0.32968749999999997,0.16666666666666666,0.16666666666666666,0.0,0.309375
B0162HF12Q,rc car,0.0,0.0,0.3333333333333333,0.0,0.0,0.41666666666666663,0.5,0.0,0.5,0.41666666666666663
B0162HF12Q,seller,0.0,0.2121212121212121,0.19090909090909092,0.36060606060606065,0.0,0.3537878787878788,0.2121212121212121,0.0,0.09090909090909091,0.18181818181818182
B0162HF12Q,wheel,0.24666666666666667,0.21944444444444444,0.25,0.0,0.3125,0.32291666666666663,0.4266666666666666,0.24666666666666667,0.17777777777777778,0.25
B0162HF12Q,money,0.10555555555555556,0.13328373015873013,0.13328373015873013,0.13328373015873013,0.13328373015873013,0.179265873015873,0.1261904761904762,0.10555555555555556,0.09126984126984126,0.14890873015873013
B0162HF12Q,time,0.19583333333333333,0.16666666666666666,0.5078869047619048,0.17857142857142855,0.15873015873015872,0.27936507936507937,0.36298701298701297,0.2204081632653061,0.21666666666666667,0.15873015873015872
B016YXI7YC,product,0.1578087421837422,0.1479243493132382,0.1512145262145262,0.20061868686868686,0.14280990173847316,0.3402285503848004,0.2822182867637413,0.16187727616299044,0.1283008658008658,0.14559283309283308
B016YXI7YC,battery,0.17175925925925928,0.3427414021164021,0.2870899470899471,0.2984126984126984,0.12037037037037036,0.39576719576719577,0.39250992063492063,0.14351851851851852,0.0,0.12037037037037036
B016YXI7YC,review,0.14233405483405484,0.10725108225108224,0.20484848484848484,0.37252435064935063,0.0,0.21917130488559058,0.30317911255411256,0.14398268398268396,0.10966810966810965,0.1408008658008658
B016YXI7YC,motor,0.18681917211328972,0.1952614379084967,0.23797852474323059,0.32302921168467386,0.14030501089324618,0.32958683473389355,0.3426470588235294,0.18620915032679738,0.1173202614379085,0.15654761904761905
B016YXI7YC,controller,0.12990196078431374,0.10049019607843138,0.10889355742296919,0.10084033613445378,0.17647058823529413,0.1146125116713352,0.5876750700280111,0.09191176470588236,0.12278244631185807,0.0
B016YXI7YC,video,0.19999999999999998,0.06666666666666667,0.23333333333333334,0.13333333333333333,0.15,0.22083333333333333,0.3,0.15833333333333333,0.06666666666666667,0.15555555555555556
B016YXI7YC,quad,0.14285714285714285,0.2012987012987013,0.24531024531024528,0.22164502164502164,0.11688311688311688,0.5036796536796537,0.3038961038961039,0.2976190476190476,0.07034632034632035,0.1658008658008658
B016YXI7YC,nothing,0.09448653198653198,0.12135241301907969,0.21254208754208756,0.1442550505050505,0.07407407407407407,0.18476430976430977,0.19823232323232323,0.15628507295173963,0.10795454545454546,0.13499579124579125
B016YXI7YC,great,0.08994708994708994,0.09788359788359788,0.2608994708994709,0.3455026455026455,0.14292328042328045,0.24361300075585787,0.5343915343915344,0.12742504409171077,0.09523809523809523,0.21432980599647267
B016YXI7YC,wind,0.24761904761904763,0.12142857142857143,0.1365079365079365,0.24761904761904763,0.1,0.24761904761904763,0.35833333333333334,0.3666666666666667,0.12142857142857143,0.12142857142857143
B017AYXV9U,product_recipient,0.19442862544466824,0.2606295447471918,0.22778293135435995,0.3457965509436098,0.21209690487765354,0.2530655042765769,0.2744904695885088,0.19168534080298788,0.15809990662931842,0.243989343989344
B017AYXV9U,truck,0.14632264521970403,0.16459511077158134,0.2364352871273286,0.5370027511896023,0.10986355148119853,0.30436873809084763,0.2674886860645374,0.13540082699746564,0.1797093837535014,0.19540998217468805
B017AYXV9U,product,0.1584951963241437,0.24999791144527986,0.298317843219159,0.21195972387108125,0.15212550607287448,0.33478748955722637,0.3244052591796953,0.18195868459026351,0.11825396825396825,0.2171031746031747
B017AYXV9U,fun,0.13526688453159041,0.1522222222222222,0.2659294626941687,0.2132835710041592,0.12416815210932856,0.2847529921059334,0.19776688453159044,0.15888888888888889,0.11805555555555555,0.26211993888464485
B017AYXV9U,time,0.1647529944992351,0.23878944520391887,0.41543596206425154,0.19231402369560263,0.13043309030151135,0.22760195944406472,0.2613337320574162,0.1772947994987469,0.1348214285714286,0.12140538033395178
B017AYXV9U,price,0.0,0.1111111111111111,0.23555555555555552,0.40925925925925927,0.17037037037037037,0.39841269841269844,0.3055555555555556,0.0,0.0,0.26888888888888884
B017AYXV9U,part,0.1369281045751634,0.22207697893972403,0.23444444444444446,0.25098039215686274,0.13415032679738562,0.33016591251885374,0.23781771968046478,0.16173747276688455,0.11343954248366013,0.20729166666666665
B017AYXV9U,body,0.16576118326118328,0.2309944684944685,0.22246031746031747,0.1619047619047619,0.12698412698412698,0.28783670033670034,0.2414111351611352,0.16657647907647907,0.12698412698412698,0.0
B017AYXV9U,rc truck,0.125,0.125,0.125,0.625,0.0,0.125,0.0,0.0,0.125,0.125
B017AYXV9U,great,0.1388888888888889,0.25925925925925924,0.3691919191919192,0.4222222222222223,0.22916666666666666,0.2761111111111111,0.44444444444444436,0.1388888888888889,0.2222222222222222,0.2159722222222222
B018VW1X4U,product_recipient,0.13135822510822512,0.17045454545454547,0.24508477633477635,0.19385822510822512,0.1560760667903525,0.3012265512265512,0.2446969696969697,0.1581439393939394,0.17045454545454547,0.2555916305916306
B018VW1X4U,product,0.13135822510822512,0.10795454545454546,0.38494640280354564,0.23548510313216192,0.13603896103896104,0.4187479187479187,0.23863636363636365,0.18876262626262627,0.10795454545454546,0.2301887926887927
B018VW1X4U,door,0.26111111111111107,0.225,0.0,0.0,0.0,1.0,0.49583333333333335,0.3333333333333333,0.225,0.0
B018VW1X4U,great,0.0,0.0,0.21875,0.225,0.14583333333333331,0.3583333333333333,0.0,0.125,0.0,0.19791666666666666
B018VW1X4U,seller,0.0,0.0,0.16666666666666666,0.375,0.16666666666666666,0.5833333333333333,0.0,0.0,0.0,0.29166666666666663
B018VW1X4U,quality,0.0,0.25,0.16984126984126982,0.16984126984126982,0.16984126984126982,0.21746031746031746,0.47222222222222227,0.25,0.25,0.21746031746031746
B018VW1X4U,box,0.16666666666666666,0.14583333333333331,0.5625,0.14583333333333331,0.0,0.125,0.14583333333333331,0.14583333333333331,0.14583333333333331,0.125
B018VW1X4U,battery,0.125,0.125,0.125,0.125,0.125,0.125,0.25,0.1875,0.125,0.125
B018VW1X4U,price,0.18055555555555555,0.20833333333333331,0.20039682539682538,0.26190476190476186,0.13392857142857142,0.2896825396825397,0.38541666666666663,0.14583333333333331,0.20833333333333331,0.13392857142857142
B018VW1X4U,old son,0.15476190476190477,0.0,0.19642857142857142,0.14285714285714285,0.19642857142857142,0.2896825396825397,0.16666666666666666,0.16666666666666666,0.0,0.1865079365079365
B01B55BPDY,product_recipient,0.3333333333333333,0.36217948717948717,0.26820913461538465,0.25565268065268065,0.23798076923076922,0.5416437728937729,0.41666666666666663,0.5069444444444444,0.125,0.2673717948717949
B01B55BPDY,k'nex,0.14166666666666666,0.2200854700854701,0.23626373626373623,0.38076923076923075,0.5053846153846153,0.5480276134122287,0.41666666666666663,0.3055555555555555,0.3333333333333333,0.24010989010989012
B01B55BPDY,product,0.09814814814814815,0.11246031746031745,0.2207421436588103,0.2845366934652649,0.1553030303030303,0.5837148541693995,0.32539682539682546,0.17604166666666665,0.18611111111111112,0.20618971671603248
B01B55BPDY,fun,0.11527777777777777,0.07291666666666666,0.22995476745476745,0.17236513486513486,0.13927738927738928,0.40792795167795165,0.10416666666666666,0.07291666666666666,0.0,0.24403443778443779
B01B55BPDY,motor,0.10416666666666667,0.140625,0.14166666666666666,0.2552083333333333,0.25,0.587797619047619,0.2416666666666667,0.3291666666666667,0.0,0.17708333333333334
B01B55BPDY,race car,0.0,0.0,0.31666666666666665,0.35,0.0,0.7714285714285715,0.5,0.0,0.0,0.225
B01B55BPDY,piece,0.15555555555555556,0.22916666666666666,0.17497165532879816,0.29417989417989415,0.36944444444444446,0.5432234432234433,0.3732638888888889,0.3802083333333333,0.22916666666666666,0.18392857142857144
B01B55BPDY,instruction,0.0,0.0,0.39166666666666666,0.40138888888888885,0.0,0.36527777777777776,0.0,0.0,0.0,0.14583333333333331
B01B55BPDY,lego,0.21944444444444444,0.2,0.2654761904761905,0.3321428571428572,0.48333333333333334,0.4241666666666667,0.22708333333333333,0.21944444444444444,0.0,0.175
B01B55BPDY,race,0.0,0.0,0.29,0.31666666666666665,0.0,0.7150000000000001,0.5833333333333333,0.0,0.3333333333333333,0.2375
B01CA4R218,product_recipient,0.16666666666666666,0.16666666666666666,0.45,0.3333333333333333,0.25,0.4416666666666667,0.5555555555555555,0.16666666666666666,0.0,0.34375
B01CA4R218,product,0.244047619047619,0.1365079365079365,0.48190476190476195,0.2253968253968254,0.1380952380952381,0.629004329004329,0.32380952380952377,0.32380952380952377,0.0,0.30317460317460315
B01CA4R218,quality,0.0,0.0,0.21666666666666667,0.21666666666666667,0.2,0.4625,0.0,0.0,0.0,0.21666666666666667
B01CA4R218,door,0.29,0.25,0.3333333333333333,0.0,0.3666666666666667,0.26666666666666666,0.29,0.3333333333333333,0.25,0.3333333333333333
B01CA4R218,box,0.14285714285714285,0.14285714285714285,0.5833333333333334,0.0,0.15476190476190477,0.5,0.2857142857142857,0.2857142857142857,0.0,0.16666666666666666
B01CA4R218,price,0.0,0.0,0.225,0.225,0.2,0.31666666666666665,0.5,0.0,0.0,0.225
B01CA4R218,piece,0.25,0.25,0.0,0.0,0.0,1.0,0.625,0.25,0.0,0.0
B01CA4R218,noise,0.16203703703703703,0.16203703703703703,0.1111111111111111,0.11805555555555555,0.0,0.1736111111111111,0.16203703703703703,0.11805555555555555,0.1875,0.11805555555555555
B01CA4R218,thank,0.0,0.0,0.0,0.0,0.0,0.0,0.0,0.0,0.0,0.0
B01CA4R218,engine,0.26666666666666666,0.0,0.0,0.0,0.3666666666666667,0.2,0.5111111111111111,0.0,0.0,0.0
B01CWSRW62,product_recipient,0.18055555555555555,0.20833333333333331,0.20833333333333331,0.1388888888888889,0.19444444444444442,0.3472222222222222,0.17592592592592593,0.1388888888888889,0.16666666666666666,0.29166666666666663
B01CWSRW62,product,0.16666666666666666,0.30925925925925923,0.2472222222222222,0.330952380952381,0.18333333333333335,0.3474358974358974,0.36833333333333335,0.19444444444444442,0.20555555555555557,0.2895833333333333
B01CWSRW62,battery,0.2976190476190476,0.3569047619047619,0.2,0.16984126984126982,0.0,0.2888888888888889,0.4002164502164502,0.19642857142857142,0.0,0.16666666666666666
B01CWSRW62,christmas,0.0,0.16666666666666666,0.15476190476190477,0.15476190476190477,0.14285714285714285,0.14285714285714285,0.15476190476190477,0.16666666666666666,0.15476190476190477,0.14285714285714285
B01CWSRW62,fun,0.0,0.0,0.31190476190476185,0.0,0.0,0.3476190476190476,0.2,0.0,0.2,0.28333333333333327
B01CWSRW62,great,0.0,0.25,0.16666666666666666,0.16666666666666666,0.16666666666666666,0.25,0.3333333333333333,0.0,0.0,0.16666666666666666
B01CWSRW62,wa,0.39285714285714285,0.14285714285714285,0.2690476190476191,0.14285714285714285,0.14285714285714285,0.4152380952380952,0.35904761904761895,0.23809523809523808,0.17142857142857143,0.21904761904761905
B01CWSRW62,money,0.0,0.14484126984126983,0.14484126984126983,0.14484126984126983,0.14484126984126983,0.19246031746031744,0.125,0.0,0.125,0.14484126984126983
B01CWSRW62,european plug,0.0,0.0,0.0,0.0,0.0,0.0,0.0,0.0,0.0,0.0
B01CWSRW62,wire,0.5,0.3333333333333333,0.0,0.0,0.0,0.0,0.5833333333333333,0.0,0.0,0.0
